"id","nombre"
1,"Abogado"
2,"Académico"
3,"Adjunto"
4,"Administrador"
5,"Administrativo"
6,"Agrónomo"
7,"Alergólogo"
8,"Alergista"
9,"Almacenero"
10,"Almacenista"
11,"Anatomista"
12,"Anestesiólogo"
13,"Anestesista"
14,"Antologista"
15,"Antropólogo"
16,"Arabista"
17,"Archivero"
18,"Arqueólogo"
19,"Arquitecto"
20,"Asesor"
21,"Asistente"
22,"Astrofísico"
23,"Astrólogo"
24,"Astrónomo"
25,"Atleta"
26,"ATS"
27,"Autor"
28,"Auxiliar"
29,"Avicultor"
30,"Abogada"
31,"Académica"
32,"Adjunta"
33,"Administradora"
34,"Administrativa"
35,"Agrónoma"
36,"Alergóloga"
37,"Alergista"
38,"Almacenera"
39,"Almacenista"
40,"Anatomista"
41,"Anestesióloga"
42,"Anestesista"
43,"Antologista"
44,"Antropóloga"
45,"Arabista"
46,"Archivera"
47,"Arqueóloga"
48,"Arquitecta"
49,"Asesora"
50,"Asistenta"
51,"Astrofísica"
52,"Astróloga"
53,"Astrónoma"
54,"Atleta"
55,"ATS"
56,"Autora"
57,"Auxiliar"
58,"Avicultora"
59,"Bacteriólogo"
60,"Bedel"
61,"Bibliógrafo"
62,"Bibliotecario"
63,"Biofísico"
64,"Biógrafo"
65,"Biólogo"
66,"Bioquímico"
67,"Botánico"
68,"Bacterióloga"
69,"Bedela"
70,"Bibliógrafa"
71,"Bibliotecaria"
72,"Biofísica"
73,"Biógrafa"
74,"Bióloga"
75,"Bioquímica"
76,"Botánica"
77,"Cancerólogo"
78,"Cardiólogo"
79,"Cartógrafo"
80,"Castrador"
81,"Catedrático"
82,"Cirujano"
83,"Citólogo"
84,"Climatólogo"
85,"Codirector"
86,"Comadrón"
87,"Consejero"
88,"Conserje"
89,"Conservador"
90,"Coordinador"
91,"Cosmógrafo"
92,"Cosmólogo"
93,"Criminalista"
94,"Cronólogo"
95,"Canceróloga"
96,"Cardióloga"
97,"Cartógrafa"
98,"Castradora"
99,"Catedrática"
100,"Cirujana"
101,"Citóloga"
102,"Climatóloga"
103,"Codirectora"
104,"Comadrona"
105,"Consejera"
106,"Conserje"
107,"Conservadora"
108,"Coordinadora"
109,"Cosmógrafa"
110,"Cosmóloga"
111,"Criminalista"
112,"Cronóloga"
113,"Decano"
114,"Decorador"
115,"Defensor"
116,"Delegado"
117,"Delineante"
118,"Demógrafo"
119,"Dentista"
120,"Dermatólogo"
121,"Dibujante"
122,"Directivo"
123,"Director"
124,"Dirigente"
125,"Doctor"
126,"Documentalista"
127,"Decana"
128,"Decoradora"
129,"Defensora"
130,"Delegada"
131,"Delineante"
132,"Demógrafa"
133,"Dentista"
134,"Dermatóloga"
135,"Dibujante"
136,"Directiva"
137,"Directora"
138,"Dirigente"
139,"Doctora"
140,"Documentalista"
141,"Ecólogo"
142,"Economista"
143,"Educador"
144,"Egiptólogo"
145,"Endocrinólogo"
146,"Enfermero"
147,"Enólogo"
148,"Entomólogo"
149,"Epidemiólogo"
150,"Especialista"
151,"Espeleólogo"
152,"Estadista"
153,"Estadístico"
154,"Etimólogo"
155,"Etimologista"
156,"Etnógrafo"
157,"Etnólogo"
158,"Etólogo"
159,"Examinador"
160,"Ecóloga"
161,"Economista"
162,"Educadora"
163,"Egiptóloga"
164,"Endocrinóloga"
165,"Enfermera"
166,"Enóloga"
167,"Entomóloga"
168,"Epidemióloga"
169,"Especialista"
170,"Espeleóloga"
171,"Estadista"
172,"Estadística"
173,"Etimóloga"
174,"Etimologista"
175,"Etnógrafa"
176,"Etnóloga"
177,"Etóloga"
178,"Examinadora"
179,"Facultativo"
180,"Farmacéutico"
181,"Farmacólogo"
182,"Filólogo"
183,"Filósofo"
184,"Fiscal"
185,"Físico"
186,"Fisiólogo"
187,"Fisioterapeuta"
188,"Fonetista"
189,"Foníatra"
190,"Fonólogo"
191,"Forense"
192,"Fotógrafo"
193,"Funcionario"
194,"Facultativa"
195,"Farmacéutica"
196,"Farmacóloga"
197,"Filóloga"
198,"Filósofa"
199,"Fiscal"
200,"Física"
201,"Fisióloga"
202,"Fisioterapeuta"
203,"Fonetista"
204,"Foníatra"
205,"Fonóloga"
206,"Forense"
207,"Fotógrafa"
208,"Funcionaria"
209,"Gemólogo"
210,"Genetista"
211,"Geobotánica"
212,"Geodesta"
213,"Geofísico"
214,"Geógrafo"
215,"Geólogo"
216,"Geomántico"
217,"Gemóloga"
218,"Genetista"
219,"Geobotánica"
220,"Geodesta"
221,"Geofísica"
222,"Geógrafa"
223,"Geóloga"
224,"Geomántica"
225,"Geómetra"
226,"Geoquímica"
227,"Gerente"
228,"Geriatra"
229,"Gerontólogo"
230,"Gestor"
231,"Grabador"
232,"Graduado social"
233,"Grafólogo"
234,"Gramático"
235,"Geómetra"
236,"Geoquímica"
237,"Gerenta/gerente"
238,"Geriatra"
239,"Gerontóloga"
240,"Gestora"
241,"Grabadora"
242,"Graduada social"
243,"Grafóloga"
244,"Gramática"
245,"Hematólogo"
246,"Hepatólogo"
247,"Hidrogeólogo"
248,"Hidrógrafo"
249,"Hidrólogo"
250,"Higienista"
251,"Hispanista"
252,"Historiador"
253,"Homeópata"
254,"Hematóloga"
255,"Hepatóloga"
256,"Hidrogeóloga"
257,"Hidrógrafa"
258,"Hidróloga"
259,"Higienista"
260,"Hispanista"
261,"Historiadora"
262,"Homeópata"
263,"Informático"
264,"Ingeniero"
265,"Ingeniero técnico"
266,"Inmunólogo"
267,"Inspector"
268,"Interino"
269,"Interventor"
270,"Investigador"
271,"Informática"
272,"Ingeniera"
273,"Ingeniera técnica"
274,"Inmunóloga"
275,"Inspectora"
276,"Interina"
277,"Interventora"
278,"Investigadora"
279,"Jardinero"
280,"Jefe"
281,"Juez"
282,"Jardinera"
283,"Jefa/jefe"
284,"Jueza/juez"
285,"Latinista"
286,"Lector"
287,"Letrado (abogado)"
288,"Lexicógrafo"
289,"Lexicólogo"
290,"Licenciado"
291,"Lingüista"
292,"Logopeda"
293,"Latinista"
294,"Lectora"
295,"Letrada (abogada)"
296,"Lexicógrafa"
297,"Lexicóloga"
298,"Licenciada"
299,"Lingüista"
300,"Logopeda"
301,"Maestro"
302,"Matemático"
303,"Matrón"
304,"Medico"
305,"Meteorólogo"
306,"Micólogo"
307,"Microbiológico"
308,"Microcirujano"
309,"Mimógrafo"
310,"Mineralogista"
311,"Monitor"
312,"Musicólogo"
313,"Maestra"
314,"Matemática"
315,"Matrona"
316,"Medica"
317,"Meteoróloga"
318,"Micóloga"
319,"Microbiológica"
320,"Microcirujana"
321,"Mimógrafa"
322,"Mineralogista"
323,"Monitora"
324,"Musicóloga"
325,"Naturópata"
326,"Nefrólogo"
327,"Neumólogo"
328,"Naturópata"
329,"Nefróloga"
330,"Neumóloga"
331,"Neuroanatomista"
332,"Neurobiólogo"
333,"Neurocirujano"
334,"Neuroembriólogo"
335,"Neurofisiólogo"
336,"Neurólogo"
337,"Nutrólogo"
338,"Neuroanatomista"
339,"Neurobióloga"
340,"Neurocirujano"
341,"Neuroembrióloga"
342,"Neurofisióloga"
343,"Neuróloga"
344,"Nutróloga"
345,"Oceanógrafo"
346,"Odontólogo"
347,"Oficial"
348,"Oficinista"
349,"Oftalmólogo"
350,"Oncólogo"
351,"Óptico"
352,"Optometrista"
353,"Ordenanza"
354,"Orientador"
355,"Ornitólogo"
356,"Ortopédico"
357,"Ortopedista"
358,"Osteólogo"
359,"Osteópata"
360,"Otorrinolaringólogo"
361,"Oceanógrafa"
362,"Odontóloga"
363,"Oficial/Oficiala"
364,"Oficinista"
365,"Oftalmóloga"
366,"Oncóloga"
367,"Óptica"
368,"Optomentrista"
369,"Ordenanza"
370,"Orientadora"
371,"Ornitóloga"
372,"Ortopédica"
373,"Ortopedista"
374,"Osteóloga"
375,"Osteópata"
376,"Otorrinolaringóloga"
377,"Paleobiólogo"
378,"Paleobotánico"
379,"Paleógrafo"
380,"Paleólogo"
381,"Paleontólogo"
382,"Patólogo"
383,"Pedagogo"
384,"Pediatra"
385,"Pedicuro"
386,"Periodista"
387,"Perito"
388,"Ingeniero técnico"
389,"Piscicultor"
390,"Podólogo"
391,"Portero"
392,"Prehistoriador"
393,"Presidente"
394,"Proctólogo"
395,"Profesor"
396,"Programador"
397,"Protésico"
398,"Proveedor"
399,"Psicoanalista"
400,"Psicólogo"
401,"Psicofísico"
402,"Psicopedagogo"
403,"Psicoterapeuta"
404,"Psiquiatra"
405,"Publicista"
406,"Publicitario"
407,"Puericultor"
408,"Paleobióloga"
409,"Paleobotánica"
410,"Paleógrafa"
411,"Paleóloga"
412,"Paleontóloga"
413,"Patóloga"
414,"Pedagoga"
415,"Pediatra"
416,"Pedicura"
417,"Periodista"
418,"Perita"
419,"Ingeniera técnica"
420,"Piscicultora"
421,"Podóloga"
422,"Portera"
423,"Prehistoriadota"
424,"Presidenta"
425,"Proctóloga"
426,"Profesora"
427,"Programadora"
428,"Protésica"
429,"Proveedora"
430,"Psicoanalista"
431,"Psicóloga"
432,"Psicofísica"
433,"Psicopedagoga"
434,"Psicoterapeuta"
435,"Psiquiatra"
436,"Publicista"
437,"Publicitaria"
438,"Puericultora"
439,"Químico"
440,"Quiropráctico"
441,"Química"
442,"Quiropráctica"
443,"Radioastrónomo"
444,"Radiofonista"
445,"Radiólogo"
446,"Radiotécnico"
447,"Radiotelefonista"
448,"Radiotelegrafista"
449,"Radioterapeuta"
450,"Rector"
451,"Radioastrónoma"
452,"Radiofonista"
453,"Radióloga"
454,"Radiotécnica"
455,"Radiotelefonista"
456,"Radiotelegrafista"
457,"Radioterapeuta"
458,"Rectora"
459,"Sanitario"
460,"Secretario"
461,"Sexólogo"
462,"Sismólogo"
463,"Sociólogo"
464,"Subdelegado"
465,"Subdirector"
466,"Subsecretario"
467,"Sanitaria"
468,"Secretaria"
469,"Sexóloga"
470,"Sismóloga"
471,"Socióloga"
472,"Subdelegada"
473,"Subdirectora"
474,"Subsecretaria"
475,"Técnico"
476,"Telefonista"
477,"Teólogo"
478,"Terapeuta"
479,"Tocoginecólogo"
480,"Tocólogo"
481,"Toxicólogo"
482,"Traductor"
483,"Transcriptor"
484,"Traumatólogo"
485,"Tutor"
486,"Técnica"
487,"Telefonista"
488,"Teóloga"
489,"Terapeuta"
490,"Tocoginecóloga"
491,"Tocóloga"
492,"Toxicóloga"
493,"Traductora"
494,"Transcriptora"
495,"Traumatóloga"
496,"Tutora"
497,"Urólogo"
498,"Uróloga"
499,"Veterinario"
500,"Vicedecano"
501,"Vicedirector"
502,"Vicegerente"
503,"Vicepresidente"
504,"Vicerrector"
505,"Vicesecretario"
506,"Virólogo"
507,"Viticultor"
508,"Vulcanólogo"
509,"Veterinaria"
510,"Vicedecana"
511,"Vicedirtectora"
512,"Vicegerente/vicegerente"
513,"Vicepresidenta"
514,"Vicerrectora"
515,"Vicesecretaria"
516,"Viróloga"
517,"Viticultora"
518,"Vulcanóloga"
519,"Xilógrafo"
520,"Xilógrafa"
521,"Zoólogo"
522,"Zootécnico"
523,"Zoóloga"
524,"Zootécnica"
